,gender,faculty,Enter Your Location,kind of books preffered for study,How Frequently do you visit library,For what Purposes do yo visit library,Average Time spent in collage,What is general Purposes,Which one is your Prefered location ,What is your preferred time?,Preferred language for Learning,Preferred type for reading,Do you enjoy the Reading,Which mode of learning /,Dose Covid Pandemic Ch,How do you study before collage,How do you study after Collage,Do you aware about Nati,Do you Using National di,Dose Covid 19 Pandemic Affected Your Reading Habits,Do you purchase Books from store,Average Expenditure on books,Occupation Of Father,Parents Education,Select your Faculty,Enter your Location,Preferred Language for Learning,Do you Using National dig,Occupation of Father
0,Female,Arts,Urban,Text Books,Once in a week,For Reading Novels and,s 2-4 hours,To while away time,Home,Afternoon,other,Stories and novels,Enjoyable,Hard copy of Reading ma,Yes,Reading soft copy of boo k,Reading soft copy of boo k,Yes,Yes,No - Not Affected,Yes,Less Than Rs. 500,Farmer,Educated,Science,Rural,English,No,Farmer
1,Female,Commerce,Urban,Lecture Videos,Once in a month,For Reading Novels and,s Less than an hour,To pass the examination,Class Room,Morning,Marathi,Magazines,Enjoyable,Hard copy of Reading ma,Yes,Watching Lecture Videos,Watching Lecture Videos,Yes,Yes,Yes - Positively Affected,Yes,Rs. 500 to Rs. 2000,Job,Educated,Science,Rural,English,No,Farmer
2,Female,Science,Rural,Reference Books,Rarely,For Reading Novels and,s Less than an hour,To get the knowledge and,Home,Evening,English,Others,Enjoyable,Academic Videos,Yes,Reading books in library a,Reading soft copy of boo k,Yes,No,No - Not Affected,No,Less Than Rs. 500,Business,Educated,Science,Rural,English,No,Farmer
3,Male,other,Urban,Text Books,Once in a week,For Reading Novels and,s Less than an hour,To get the knowledge and,Central Library,Morning,Marathi,Text books,Very much,Hard copy of Reading ma,No,Reading books in library a,Reading soft copy of boo k,Yes,No,No - Not Affected,Yes,Rs. 500 to Rs. 2000,Business,Educated,Science,Rural,English,No,Farmer
4,Male,Science,Rural,Lecture Videos,2-3 times in a week,To Complete Assignment,Less than an hour,To get the knowledge and,Home,Morning,English,Reference books,Enjoyable,Academic Videos,Yes,Watching Lecture Videos,Watching Lecture Videos,No,Yes,No - Not Affected,Yes,Rs. 500 to Rs. 2000,Farmer,Educated,Science,Rural,English,No,Farmer
5,Male,Science,Urban,Lecture Videos,Once in a week,For Reading Novels and,s Less than an hour,To get the knowledge and,Park or Garden,Evening,English,Reference books,Enjoyable,Hard copy of Reading ma,Yes,Watching Lecture Videos,Watching Lecture Videos,Yes,No,Yes - Positively Affected,No,Above Rs. 2000,Business,Un-Educated,Science,Rural,English,No,Farmer
6,Female,Science,Urban,Class Notes,2-3 times in a week,For Reading Novels and,2-4 hours,To be well informed,Home,Late Night,Marathi,Stories and novels,Very much,Hard copy of Reading ma,Yes,Reading books in library a,Reading books in library a,Yes,Yes,No - Not Affected,Yes,Rs. 500 to Rs. 2000,Business,Educated,Science,Rural,English,No,Farmer
7,Female,Science,Urban,Lecture Videos,Once in a week,For Reading Novels and,s 2-4 hours,To get the knowledge and,Central Library,Late Night,English,Stories and novels,Enjoyable,Academic Videos,Yes,Reading books in library a,Watching Lecture Videos,No,No,Yes- Negatively Affected,Yes,Less Than Rs. 500,Job,Educated,Science,Rural,English,No,Farmer
8,Female,Science,Urban,Reference Books,2-3 times in a week,For Reading Novels and,s 2-4 hours,To get the knowledge and,Central Library,Late Night,English,New paper,Very much,Hard copy of Reading ma,Yes,Reading books in library a,Reading soft copy of boo k,No,No,No - Not Affected,Yes,Rs. 500 to Rs. 2000,Farmer,Educated,Science,Rural,English,No,Farmer
9,Female,Science,Rural,Class Notes,2-3 times in a week,For Reading Novels and,2-4 hours,To get the knowledge and,Home,Late Night,English,Competitive books,Enjoyable,Academic Videos,No,Watching Lecture Videos,Watching Lecture Videos,Yes,No,No - Not Affected,Yes,Rs. 500 to Rs. 2000,Farmer,Educated,Science,Rural,English,No,Farmer
10,Female,Science,Rural,Reference Books,2-3 times in a week,For Reading Novels and,2-4 hours,To get the knowledge and,Central Library,Morning,English,Competitive books,Very much,Academic Videos,Yes,Reading books in library a,Reading soft copy of boo k,Yes,No,No - Not Affected,Yes,Rs. 500 to Rs. 2000,Job,Educated,Science,Rural,English,No,Farmer
11,Female,Science,Rural,Text Books,2-3 times in a week,For Reading Novels and,2-4 hours,To get the knowledge and,Central Library,Morning,English,Stories and novels,Very much,Hard copy of Reading ma,No,Reading books in library a,Reading books in library a,Yes,Yes,No - Not Affected,Yes,Less Than Rs. 500,Business,Educated,Science,Rural,English,No,Farmer
12,Female,Science,Rural,Reference Books,2-3 times in a week,For Reading Novels and,s 6 and Above,To increase General Kno,w Park or Garden,Late Night,Marathi,Stories and novels,Very much,Hard copy of Reading ma,No,Reading books in library a,Reading books in library a,No,No,No - Not Affected,Yes,Rs. 500 to Rs. 2000,Worker,Educated,Science,Rural,English,No,Farmer
13,Male,other,Urban,Class Notes,Once in a week,For Reading Novels and,s Less than an hour,To get the knowledge and,Central Library,Morning,Marathi,New paper,Enjoyable,Hard copy of Reading ma,Yes,Reading books in library a,Reading soft copy of boo k,Yes,No,Yes- Negatively Affected,Yes,Less Than Rs. 500,Worker,Educated,Science,Rural,English,No,Farmer
14,Male,Science,Rural,Reference Books,Once in a week,For Reading Novels and,s Less than an hour,To be well informed,Central Library,Evening,English,Text books,Enjoyable,Hard copy of Reading ma,Yes,Reading soft copy of boo k,Reading soft copy of boo k,No,Yes,Yes - Positively Affected,Yes,Rs. 500 to Rs. 2000,Job,Educated,Science,Rural,English,No,Farmer
15,Female,Science,Rural,Class Notes,2-3 times in a week,For Reading Novels and,s Less than an hour,To get the knowledge and,Park or Garden,Late Night,English,Stories and novels,Very much,Hard copy of Reading ma,No,Reading soft copy of boo k,Reading books in library a,Yes,No,No - Not Affected,Yes,Rs. 500 to Rs. 2000,Job,Educated,Science,Rural,English,No,Farmer
16,Female,Science,Rural,Text Books,Once in a week,For Reading Novels and,s Less than an hour,For career development,Class Room,Evening,English,Stories and novels,Enjoyable,Hard copy of Reading ma,No,Reading books in library a,Reading soft copy of boo k,Yes,No,No - Not Affected,Yes,Less Than Rs. 500,Farmer,Educated,Science,Rural,English,No,Farmer
17,Female,Science,Urban,Lecture Videos,2-3 times in a week,For Reading Novels and,s 2-4 hours,To get the knowledge and,Central Library,Morning,English,Others,Enjoyable,Hard copy of Reading ma,No,Watching Lecture Videos,Reading books in library a,No,No,No - Not Affected,Yes,Less Than Rs. 500,Job,Educated,Science,Rural,English,No,Farmer
18,Male,Science,Rural,Reference Books,2-3 times in a week,For Reading Novels and,g Less than an hour,To increase General Kno,w Home,Morning,English,Competitive books,Very much,Hard copy of Reading ma,No,Reading soft copy of boo k,a,Yes,Yes,Yes - Positively Affected,Yes,Above Rs. 2000,Job,Educated,Science,Rural,English,No,Farmer
19,Male,other,Urban,Reference Books,Once in a week,For Reading Novels and,s Less than an hour,For career development,Home,Afternoon,Marathi,New paper,Enjoyable,Hard copy of Reading ma,Yes,Reading soft copy of boo k,Reading soft copy of boo k,Yes,Yes,Yes - Positively Affected,Yes,Rs. 500 to Rs. 2000,Farmer,Educated,Science,Rural,English,No,Farmer
20,Male,Arts,Rural,Reference Books,2-3 times in a week,For Reading Novels and,s Less than an hour,To get the knowledge and,Campus Ground,Evening,Marathi,New paper,Enjoyable,Hard copy of Reading ma,No,Watching Lecture Videos,Watching Lecture Videos,No,No,No - Not Affected,Yes,Less Than Rs. 500,Job,Educated,Science,Rural,English,No,Farmer
21,Male,Science,Rural,Reference Books,Daily,For Reading Novels and,g Less than an hour,To increase General Kno,w Campus Ground,Morning,English,Magazines,Just okay,Hard copy of Reading ma,No,Reading soft copy of boo k,Watching Lecture Videos,Yes,No,Yes - Positively Affected,Yes,Above Rs. 2000,Farmer,Un-Educated,Science,Rural,English,No,Farmer
22,Male,Science,Rural,Reference Books,Rarely,For Reading Novels and,g Less than an hour,To be well informed,Home,Morning,Marathi,Stories and novels,Enjoyable,Hard copy of Reading ma,Yes,a,Reading soft copy of boo k,No,No,Yes- Negatively Affected,No,Less Than Rs. 500,Job,Educated,Science,Rural,English,No,Farmer
23,Female,Arts,Urban,Reference Books,Daily,For Reading Novels and,g 2-4 hours,To get the knowledge and,Home,Late Night,Marathi,Stories and novels,Very much,Hard copy of Reading ma,Yes,a,a,Yes,Yes,Yes - Positively Affected,Yes,Rs. 500 to Rs. 2000,Job,Educated,Science,Rural,English,No,Farmer
24,Female,Science,Rural,Class Notes,2-3 times in a week,For Reading Novels and,s 2-4 hours,To get the knowledge and,Central Library,Late Night,English,Competitive books,Very much,Hard copy of Reading ma,Yes,a,a,Yes,No,Yes - Positively Affected,Yes,Less Than Rs. 500,Farmer,Educated,Science,Rural,English,No,Farmer
25,Female,Commerce,Urban,Class Notes,Once in a week,For Reading Novels and,g Less than an hour,For career development,Home,Late Night,English,Competitive books,Very much,soft copy of Reading mat,No,a,a,No,Yes,Yes - Positively Affected,Yes,Less Than Rs. 500,Farmer,Educated,Science,Rural,English,No,Farmer
26,Female,Science,Rural,Class Notes,Once in a week,For Reading Novels and,s 2-4 hours,For career development,College lab,Morning,English,New paper,Enjoyable,soft copy of Reading mat,Yes,Reading soft copy of boo k,Reading soft copy of boo k,Yes,Yes,Yes - Positively Affected,Yes,Less Than Rs. 500,Farmer,Educated,Science,Rural,English,No,Farmer
27,Female,Science,Rural,Class Notes,Once in a month,For Reading Novels and,s Less than an hour,For career development,Central Library,Evening,Marathi,Stories and novels,Enjoyable,Academic Videos,Yes,a,Reading soft copy of boo k,Yes,No,Yes- Negatively Affected,No,Less Than Rs. 500,Worker,Educated,Science,Rural,English,No,Farmer
28,Female,Science,Rural,Text Books,Once in a week,To Complete Assignment,Less than an hour,To get the knowledge and,Home,Late Night,Marathi,Stories and novels,Just okay,soft copy of Reading mat,Yes,Watching Lecture Videos,Watching Lecture Videos,Yes,No,Yes- Negatively Affected,Yes,Less Than Rs. 500,Farmer,Educated,Science,Rural,English,No,Farmer
29,Female,Science,Rural,Class Notes,Rarely,For Reading Novels and,g Less than an hour,To pass the examination,Home,Morning,Marathi,Journal articles,Very much,Hard copy of Reading ma,No,Reading soft copy of boo k,Reading soft copy of boo k,No,No,No - Not Affected,Yes,Less Than Rs. 500,Farmer,Educated,Science,Rural,English,No,Farmer
30,Female,Science,Rural,Reference Books,2-3 times in a week,For Reading Novels and,s 2-4 hours,To get the knowledge and,Home,Evening,English,Reference books,Enjoyable,Hard copy of Reading ma,Yes,a,Reading soft copy of boo k,No,No,Yes- Negatively Affected,No,Less Than Rs. 500,Business,Un-Educated,Science,Rural,English,No,Farmer
31,Female,Science,Urban,Reference Books,2-3 times in a week,For Reading Novels and,g Less than an hour,To increase General Kno,w Other places,Late Night,Marathi,New paper,Very much,Hard copy of Reading ma,Yes,a,Reading soft copy of boo k,Yes,No,Yes- Negatively Affected,Yes,Rs. 500 to Rs. 2000,Farmer,Educated,Science,Rural,English,No,Farmer
32,Female,Science,Urban,Class Notes,Rarely,For Reading Novels and,s Less than an hour,To get the knowledge and,Home,Late Night,English,Stories and novels,Enjoyable,Hard copy of Reading ma,Yes,Reading soft copy of boo k,Reading soft copy of boo k,No,No,Yes - Positively Affected,Yes,Rs. 500 to Rs. 2000,Job,Educated,Science,Rural,English,No,Farmer
33,Female,Science,Urban,Lecture Videos,Once in a week,For Reading Novels and,s Less than an hour,To get the knowledge and,Home,Morning,Marathi,Stories and novels,Enjoyable,Hard copy of Reading ma,Yes,Reading soft copy of boo k,a,Yes,No,Yes - Positively Affected,Yes,Rs. 500 to Rs. 2000,Business,Educated,Science,Rural,English,No,Farmer
34,Female,Science,Rural,Text Books,Once in a week,To read Daily News pape,Less than an hour,To get the knowledge and,Central Library,Evening,Hindi,Competitive books,Very much,Academic Videos,Yes,Reading soft copy of boo k,Reading soft copy of boo k,No,No,Yes- Negatively Affected,Yes,Rs. 500 to Rs. 2000,Farmer,Un-Educated,Science,Rural,English,No,Farmer
35,Male,Science,Urban,Other,2-3 times in a week,For Reading Novels and,s 2-4 hours,To get the knowledge and,Park or Garden,Afternoon,Hindi,New paper,Very much,soft copy of Reading mat,No,Reading soft copy of boo k,Reading soft copy of boo k,No,No,No - Not Affected,Yes,Rs. 500 to Rs. 2000,Job,Educated,Science,Rural,English,No,Farmer
36,Female,Science,Rural,Class Notes,2-3 times in a week,For Reading Novels and,g Less than an hour,To get the knowledge and,Central Library,Late Night,English,New paper,Very much,soft copy of Reading mat,Yes,a,Watching Lecture Videos,Yes,No,Yes- Negatively Affected,Yes,Less Than Rs. 500,Farmer,Educated,Science,Rural,English,No,Farmer
37,Female,Science,Rural,Class Notes,Once in a week,To borrow library material,s Less than an hour,To get the knowledge and,Home,Morning,English,Reference books,Enjoyable,Hard copy of Reading ma,Yes,Reading books in library a,Reading soft copy of boo k,Yes,Yes,Yes - Positively Affected,Yes,Less Than Rs. 500,Farmer,Educated,Science,Rural,English,No,Farmer
38,Female,Science,Urban,Reference Books,2-3 times in a week,To borrow library material,s Less than an hour,To get the knowledge and,Home,Late Night,English,Stories and novels,Very much,Hard copy of Reading ma,No,Reading books in library a,Reading soft copy of boo k,No,No,"Yes, In some way",No,Less Than Rs. 500,Worker,Educated,Science,Rural,English,No,Farmer
39,Female,Science,Rural,Reference Books,Daily,For Reading Novels and,g 2-4 hours,To get the knowledge and,College lab,Morning,English,Reference books,Enjoyable,Hard copy of Reading ma,Yes,Reading books in library a,Reading books in library a,Yes,No,Yes - Positively Affected,Yes,Rs. 500 to Rs. 2000,Farmer,Educated,Science,Rural,English,No,Farmer
40,Male,Science,Rural,Class Notes,Once in a week,To read Daily News pape r,Less than an hour,To get the knowledge and,Home,Late Night,Marathi,Stories and novels,Enjoyable,Hard copy of Reading ma,Yes,Reading books in library a,Reading soft copy of boo k,Yes,No,Yes - Positively Affected,Yes,Rs. 500 to Rs. 2000,Farmer,Un-Educated,Science,Rural,English,No,Farmer
41,Male,Science,Rural,Class Notes,Once in a week,For Reading Novels and,g Less than an hour,To get the knowledge and,College lab,Morning,English,Others,Very much,soft copy of Reading mat e,No,Watching Lecture Videos,Watching Lecture Videos,No,Yes,No - Not Affected,Yes,Less Than Rs. 500,Worker,Educated,Science,Rural,English,No,Farmer
42,Male,Science,Rural,Text Books,2-3 times in a week,To borrow library material,s 2-4 hours,To pass the examination,College lab,Late Night,English,Reference books,Enjoyable,soft copy of Reading mat e,No,Reading soft copy of boo k,Reading soft copy of boo k,Yes,Yes,Yes - Positively Affected,Yes,Less Than Rs. 500,Farmer,Educated,Science,Rural,English,No,Farmer
43,Male,Science,Urban,Text Books,Once in a week,To read Daily News pape r,Less than an hour,To increase General Kno,w Home,Morning,English,Stories and novels,Enjoyable,soft copy of Reading mat e,Yes,Reading soft copy of boo k,Reading books in library a,Yes,Yes,No - Not Affected,Yes,Less Than Rs. 500,Farmer,Educated,Science,Rural,English,No,Farmer
44,Male,Science,Urban,Class Notes,Once in a week,For Reading Novels and,g Less than an hour,To get the knowledge and,College lab,Morning,Marathi,Journal articles,Enjoyable,Hard copy of Reading ma,Yes,Reading books in library a,Reading books in library a,Yes,Yes,Yes - Positively Affected,Yes,Rs. 500 to Rs. 2000,Farmer,Educated,Science,Rural,English,No,Farmer
45,Male,Science,Rural,Class Notes,Once in a month,For Reading Novels and,g Less than an hour,For career development,Central Library,Morning,English,New paper,Enjoyable,Hard copy of Reading ma,Yes,Watching Lecture Videos,Reading soft copy of boo k,Yes,Yes,Yes - Positively Affected,Yes,Less Than Rs. 500,Farmer,Educated,Science,Rural,English,No,Farmer
46,Male,Science,Rural,Class Notes,2-3 times in a week,To read Daily News pape r,Less than an hour,To prepare class Assignm,Class Room,Morning,English,New paper,Enjoyable,Hard copy of Reading ma,No,Reading soft copy of boo k,Reading soft copy of boo k,Yes,Yes,No - Not Affected,Yes,Less Than Rs. 500,Farmer,Educated,Science,Rural,English,No,Farmer
47,Male,Science,Urban,Reference Books,Once in a month,To borrow library material,s Less than an hour,To increase General Kno,w College lab,Morning,English,Reference books,Very much,Hard copy of Reading ma,Yes,Reading soft copy of boo k,Reading soft copy of boo k,No,No,Yes- Negatively Affected,No,Less Than Rs. 500,Job,Educated,Science,Rural,English,No,Farmer
48,Female,Science,Urban,Reference Books,Once in a month,To borrow library material,s Less than an hour,For career development,Home,Morning,English,Stories and novels,Very much,Academic Videos,Yes,Reading books in library a,Watching Lecture Videos,No,No,Yes- Negatively Affected,Yes,Less Than Rs. 500,Job,Un-Educated,Science,Rural,English,No,Farmer
49,Female,Science,Rural,Text Books,2-3 times in a week,To photo copy reading m,a 2-4 hours,To get the knowledge and,Central Library,Morning,English,Reference books,Enjoyable,soft copy of Reading mat e,Yes,Watching Lecture Videos,Watching Lecture Videos,Yes,Yes,Yes - Positively Affected,No,Above Rs. 2000,Farmer,Educated,Science,Rural,English,No,Farmer
50,Female,Science,Rural,Reference Books,Once in a month,To borrow library material,s Less than an hour,To get the knowledge and,Home,Evening,English,Stories and novels,Enjoyable,Hard copy of Reading ma,Yes,Reading books in library a,Reading soft copy of boo k,Yes,No,Yes - Positively Affected,Yes,Rs. 500 to Rs. 2000,Farmer,Educated,Science,Rural,English,No,Farmer
51,Female,Science,Rural,Lecture Videos,Once in a week,To borrow library material,s 2-4 hours,To get the knowledge and,Home,Morning,English,Stories and novels,Enjoyable,Hard copy of Reading ma,Yes,Reading books in library a,Reading soft copy of boo k,Yes,No,Yes - Positively Affected,Yes,Less Than Rs. 500,Farmer,Educated,Science,Rural,English,No,Farmer
52,Female,Science,Urban,Class Notes,Once in a month,For Reading Novels and,g Less than an hour,To get the knowledge and,Home,Late Night,English,Reference books,Enjoyable,Hard copy of Reading ma,No,Reading books in library a,Reading soft copy of boo k,Yes,Yes,No - Not Affected,Yes,Less Than Rs. 500,Job,Educated,Science,Rural,English,No,Farmer
53,Female,Science,Rural,Text Books,Once in a week,For Reading Novels and,g 2-4 hours,To be well informed,Home,Late Night,English,Reference books,Very much,soft copy of Reading mat e,Yes,Watching Lecture Videos,Watching Lecture Videos,Yes,Yes,Yes - Positively Affected,Yes,Rs. 500 to Rs. 2000,Business,Educated,Science,Rural,English,No,Farmer
54,Female,Science,Rural,Lecture Videos,Once in a week,To photo copy reading m,a Less than an hour,To get the knowledge and,Class Room,Morning,Marathi,Stories and novels,Enjoyable,Hard copy of Reading ma,Yes,Watching Lecture Videos,Reading soft copy of boo k,Yes,Yes,Yes- Negatively Affected,Yes,Rs. 500 to Rs. 2000,Farmer,Educated,Science,Rural,English,No,Farmer
55,Female,Science,Rural,Class Notes,Once in a month,To borrow library material,s Less than an hour,To get the knowledge and,Central Library,Morning,English,Reference books,Enjoyable,soft copy of Reading mat e,Yes,Reading books in library a,Reading soft copy of boo k,Yes,Yes,No - Not Affected,Yes,Less Than Rs. 500,Farmer,Educated,Science,Rural,English,No,Farmer
56,Female,Science,Rural,Class Notes,Once in a month,For Reading Novels and,s Less than an hour,To get the knowledge and,Central Library,Morning,English,Reference books,Enjoyable,Academic Videos,Yes,Watching Lecture Videos,Reading soft copy of boo k,Yes,Yes,Yes - Positively Affected,Yes,Less Than Rs. 500,Farmer,Educated,Science,Rural,English,No,Farmer
57,Female,Commerce,Urban,Class Notes,Once in a week,To photo copy reading m,a Less than an hour,To get the knowledge and,Central Library,Late Night,English,Competitive books,Enjoyable,Hard copy of Reading ma,No,Watching Lecture Videos,Watching Lecture Videos,Yes,No,No - Not Affected,Yes,Less Than Rs. 500,Farmer,Educated,Science,Rural,English,No,Farmer
58,Male,Commerce,Urban,Other,2-3 times in a week,To Complete Assignment,Less than an hour,For career development,Home,Morning,Marathi,New paper,Enjoyable,Hard copy of Reading ma,No,Reading soft copy of boo k,a,Yes,Yes,No - Not Affected,No,Rs. 500 to Rs. 2000,Job,Educated,Science,Rural,English,No,Farmer
59,Female,Arts,Rural,Other,Rarely,For Reading Novels and,g Less than an hour,To get the knowledge and,Home,Morning,Marathi,Stories and novels,Very much,Hard copy of Reading ma,Yes,Reading soft copy of boo k,Reading soft copy of boo k,Yes,No,Yes - Positively Affected,Yes,Less Than Rs. 500,Farmer,Educated,Science,Rural,English,No,Farmer
60,Female,Commerce,Rural,Text Books,Rarely,For Reading Novels and,s Less than an hour,For career development,Home,Morning,English,Others,Enjoyable,Hard copy of Reading ma,Yes,a,Watching Lecture Videos,No,No,Yes - Positively Affected,No,Less Than Rs. 500,Farmer,Educated,Science,Rural,English,No,Farmer
61,Female,Science,Urban,Class Notes,Once in a week,For Reading Novels and,g Less than an hour,For career development,Home,Morning,English,New paper,Very much,Hard copy of Reading ma,Yes,Reading soft copy of boo k,Reading soft copy of boo k,No,No,Yes - Positively Affected,Yes,Less Than Rs. 500,Worker,Educated,Science,Rural,English,No,Farmer
62,Female,Commerce,Rural,Class Notes,Rarely,For Reading Novels and,g 2-4 hours,For career development,Central Library,Afternoon,English,Stories and novels,Enjoyable,Hard copy of Reading ma,Yes,a,Watching Lecture Videos,No,No,Yes - Positively Affected,Yes,Rs. 500 to Rs. 2000,Farmer,Educated,Science,Rural,English,No,Farmer
63,Female,Science,Rural,Text Books,Once in a week,For Reading Novels and,s Less than an hour,To get the knowledge and,Home,Morning,English,Stories and novels,Enjoyable,Hard copy of Reading ma,No,a,Reading soft copy of boo k,Yes,Yes,No - Not Affected,Yes,Less Than Rs. 500,Job,Educated,Science,Rural,English,No,Farmer
64,Female,Science,Urban,Reference Books,Rarely,Reference books,Less than an hour,To get the knowledge and,Home,Late Night,English,Stories and novels,Very much,Hard copy of Reading ma,Yes,a,Reading soft copy of boo k,Yes,Yes,Yes - Positively Affected,Yes,Rs. 500 to Rs. 2000,Job,Educated,Science,Rural,English,No,Farmer
65,Female,Commerce,Urban,Class Notes,2-3 times in a week,For Reading Novels and,s 2-4 hours,To get the knowledge and,Central Library,Evening,English,Competitive books,Very much,Academic Videos,Yes,a,Reading soft copy of boo k,No,No,No - Not Affected,Yes,Less Than Rs. 500,Farmer,Educated,Science,Rural,English,No,Farmer
66,Male,Arts,Urban,Text Books,Rarely,To use the internet,Less than an hour,To increase General Kno,w Home,Morning,Hindi,Competitive books,Enjoyable,soft copy of Reading mat,Yes,Reading soft copy of boo k,a,Yes,Yes,No - Not Affected,No,Less Than Rs. 500,Farmer,Un-Educated,Science,Rural,English,No,Farmer
67,Female,Science,Urban,Class Notes,Rarely,For Reading Novels and,g Less than an hour,To increase General Kno,w Other places,Late Night,English,Reference books,Just okay,Hard copy of Reading ma,No,Reading soft copy of boo k,Reading soft copy of boo k,Yes,No,No - Not Affected,No,Rs. 500 to Rs. 2000,Farmer,Educated,Science,Rural,English,No,Farmer
68,Male,other,Urban,Reference Books,Once in a week,To read Daily News pape,Less than an hour,To increase General Kno,w Home,Late Night,Marathi,New paper,Just okay,Hard copy of Reading ma,No,Reading soft copy of boo k,a,Yes,No,No - Not Affected,Yes,Less Than Rs. 500,Job,Educated,Science,Rural,English,No,Farmer
69,Female,Science,Rural,Reference Books,Daily,For Reading Novels and,s Less than an hour,To get the knowledge and,Central Library,Morning,English,Reference books,Enjoyable,Academic Videos,Yes,a,a,Yes,No,No - Not Affected,Yes,Less Than Rs. 500,Business,Educated,Science,Rural,English,No,Farmer
70,Male,Science,Rural,Text Books,2-3 times in a week,For Reading Novels and,g 2-4 hours,To get the knowledge and,Class Room,Morning,English,New paper,Very much,soft copy of Reading mat,Yes,Watching Lecture Videos,a,Yes,No,No - Not Affected,Yes,Rs. 500 to Rs. 2000,Business,Educated,Science,Rural,English,No,Farmer
71,Female,Science,Rural,Reference Books,Daily,For Reading Novels and,s 2-4 hours,To get the knowledge and,Central Library,Morning,English,Reference books,Very much,Academic Videos,Yes,a,Watching Lecture Videos,Yes,Yes,Yes - Positively Affected,Yes,Rs. 500 to Rs. 2000,Farmer,Educated,Science,Rural,English,No,Farmer
72,Male,Arts,Urban,Text Books,2-3 times in a week,For Reading Novels and,g 6 and Above,To increase General Kno,w Home,Morning,Marathi,New paper,Very much,soft copy of Reading mat,Yes,a,Reading soft copy of boo k,No,No,Yes - Positively Affected,No,Above Rs. 2000,Business,Educated,Science,Rural,English,No,Farmer
73,Female,Science,Rural,Reference Books,Once in a month,To read Daily News pape,Less than an hour,To increase General Kno,w Class Room,Evening,English,New paper,Very much,Hard copy of Reading ma,Yes,Reading soft copy of boo k,Reading soft copy of boo k,Yes,Yes,Yes- Negatively Affected,Yes,Rs. 500 to Rs. 2000,Farmer,Educated,Science,Rural,English,No,Farmer
74,Female,Science,Urban,Class Notes,Once in a month,For Reading Novels and,g Less than an hour,To get the knowledge and,Home,Evening,Marathi,Text books,Very much,Hard copy of Reading ma,No,a,Reading soft copy of boo k,No,No,No - Not Affected,No,Less Than Rs. 500,Job,Educated,Science,Rural,English,No,Farmer
75,Male,Science,Rural,Class Notes,2-3 times in a week,To borrow library material,s 2-4 hours,To pass the examination,College lab,Evening,English,New paper,Very much,Hard copy of Reading ma,No,Reading books in library a,Reading soft copy of boo k,No,Yes,No - Not Affected,Yes,Less Than Rs. 500,Farmer,Educated,Science,Rural,English,No,Farmer
76,Male,Science,Rural,Class Notes,Once in a month,To read Daily News pape r,Less than an hour,To get the knowledge and,Home,Morning,English,New paper,Enjoyable,Hard copy of Reading ma,Yes,Reading soft copy of boo k,Reading books in library a,Yes,Yes,Yes - Positively Affected,Yes,Less Than Rs. 500,Farmer,Educated,Science,Rural,English,No,Farmer
77,Female,Science,Urban,Class Notes,Rarely,To Complete Assignment,Less than an hour,To get the knowledge and,Home,Morning,English,Stories and novels,Enjoyable,Hard copy of Reading ma,Yes,Reading books in library a,Reading soft copy of boo k,Yes,No,No - Not Affected,Yes,Rs. 500 to Rs. 2000,Farmer,Educated,Science,Rural,English,No,Farmer
78,Female,Science,Rural,Class Notes,Once in a week,For Reading Novels and,g Less than an hour,To get the knowledge and,Home,Afternoon,Marathi,Stories and novels,Enjoyable,Hard copy of Reading ma,No,Reading books in library a,Watching Lecture Videos,No,No,Yes - Positively Affected,Yes,Rs. 500 to Rs. 2000,Farmer,Educated,Science,Rural,English,No,Farmer
79,Male,Science,Rural,Class Notes,Once in a week,For Reading Novels and,g Less than an hour,To get the knowledge and,Other places,Evening,English,Reference books,Enjoyable,Academic Videos,Yes,Watching Lecture Videos,Watching Lecture Videos,Yes,Yes,Yes - Positively Affected,No,Less Than Rs. 500,Farmer,Un-Educated,Science,Rural,English,No,Farmer
80,Female,Science,Rural,Text Books,Rarely,For Reading Novels and,g 2-4 hours,To get the knowledge and,Home,Late Night,Marathi,Competitive books,Enjoyable,Hard copy of Reading ma,Yes,Reading books in library a,Reading soft copy of boo k,No,No,Yes- Negatively Affected,Yes,Less Than Rs. 500,Farmer,Educated,Science,Rural,English,No,Farmer
81,Male,Science,Rural,Class Notes,Rarely,For Reading Novels and,g Less than an hour,To get the knowledge and,Home,Evening,English,Reference books,Enjoyable,Hard copy of Reading ma,No,Reading books in library a,Reading books in library a,No,No,No - Not Affected,Yes,Less Than Rs. 500,Farmer,Educated,Science,Rural,English,No,Farmer
82,Female,Science,Rural,Class Notes,Rarely,For Reading Novels and,g Less than an hour,To increase General Kno,w Home,Morning,English,Stories and novels,Very much,Hard copy of Reading ma,Yes,Reading books in library a,Reading soft copy of boo k,No,No,Yes- Negatively Affected,Yes,Less Than Rs. 500,Worker,Educated,Science,Rural,English,No,Farmer
83,Male,Science,Urban,Reference Books,Once in a week,To Complete Assignment,Less than an hour,To get the knowledge and,Other places,Late Night,English,Magazines,Enjoyable,Academic Videos,No,Watching Lecture Videos,Reading soft copy of boo k,Yes,No,No - Not Affected,Yes,Rs. 500 to Rs. 2000,Farmer,Educated,Science,Rural,English,No,Farmer
84,Female,other,Urban,Class Notes,Once in a week,For Reading Novels and,g 2-4 hours,To get the knowledge and,College lab,Evening,English,Reference books,Enjoyable,soft copy of Reading mat e,Yes,Reading soft copy of boo k,Reading soft copy of boo k,No,No,Yes - Positively Affected,Yes,Rs. 500 to Rs. 2000,Job,Educated,Science,Rural,English,No,Farmer
85,Male,Science,Rural,Reference Books,2-3 times in a week,To borrow library material,s 2-4 hours,To get the knowledge and,Central Library,Morning,English,Competitive books,Enjoyable,Hard copy of Reading ma,Yes,Reading books in library a,Reading books in library a,Yes,Yes,No - Not Affected,No,Less Than Rs. 500,Worker,Educated,Science,Rural,English,No,Farmer
86,Female,Science,Rural,Reference Books,2-3 times in a week,For Reading Novels and,g 2-4 hours,To get the knowledge and,College lab,Morning,English,Reference books,Enjoyable,Hard copy of Reading ma,Yes,Reading soft copy of boo k,Reading soft copy of boo k,Yes,No,Yes - Positively Affected,Yes,Rs. 500 to Rs. 2000,Farmer,Educated,Science,Rural,English,No,Farmer
87,Male,other,Rural,Lecture Videos,Daily,To use the internet,2-4 hours,To increase General Kno,w Central Library,Morning,English,Reference books,Very much,Hard copy of Reading ma,No,Reading books in library a,Reading soft copy of boo k,Yes,Yes,Yes - Positively Affected,Yes,Less Than Rs. 500,Farmer,Educated,Science,Rural,English,No,Farmer
88,Female,Science,Rural,Class Notes,Once in a week,To borrow library material,s 2-4 hours,To get the knowledge and,Home,Morning,English,New paper,Very much,Hard copy of Reading ma,No,Reading books in library a,Reading books in library a,No,No,No - Not Affected,Yes,Less Than Rs. 500,Job,Educated,Science,Rural,English,No,Farmer
89,Male,Science,Rural,Reference Books,2-3 times in a week,To borrow library material,s 2-4 hours,To get the knowledge and,Central Library,Evening,English,Stories and novels,Very much,Hard copy of Reading ma,Yes,Reading books in library a,Reading soft copy of boo k,No,No,Yes- Negatively Affected,Yes,Less Than Rs. 500,Worker,Educated,Science,Rural,English,No,Farmer
90,Female,Science,Urban,Lecture Videos,Rarely,For Reading Novels and,g Less than an hour,To be well informed,Home,Morning,English,Journal articles,Just okay,Hard copy of Reading ma,Yes,Reading books in library a,Reading soft copy of boo k,Yes,No,Yes - Positively Affected,Yes,Rs. 500 to Rs. 2000,Business,Educated,Science,Rural,English,No,Farmer
91,Female,Science,Urban,Reference Books,Once in a week,To borrow library material,s Less than an hour,To get the knowledge and,Home,Late Night,English,Reference books,Enjoyable,Academic Videos,Yes,Reading soft copy of boo k,Reading soft copy of boo k,No,No,No - Not Affected,Yes,Less Than Rs. 500,Job,Educated,Science,Rural,English,No,Farmer
92,Female,Science,Urban,Class Notes,2-3 times in a week,For Reading Novels and,g Less than an hour,To get the knowledge and,Home,Evening,English,Competitive books,Very much,Hard copy of Reading ma,Yes,Reading books in library a,Reading books in library a,Yes,No,Yes - Positively Affected,Yes,Less Than Rs. 500,Job,Educated,Science,Rural,English,No,Farmer
93,Male,Science,Urban,Other,2-3 times in a week,For Reading Novels and,g 2-4 hours,To get the knowledge and,Home,Afternoon,Hindi,New paper,Very much,soft copy of Reading mat e,No,Reading soft copy of boo k,Reading soft copy of boo k,No,No,No - Not Affected,Yes,Rs. 500 to Rs. 2000,Job,Educated,Science,Rural,English,No,Farmer
94,Male,Science,Urban,Other,2-3 times in a week,For Reading Novels and,g 2-4 hours,To get the knowledge and,Home,Afternoon,Hindi,New paper,Very much,soft copy of Reading mat e,No,Reading soft copy of boo k,Reading soft copy of boo k,No,No,No - Not Affected,Yes,Rs. 500 to Rs. 2000,Job,Educated,Science,Rural,English,No,Farmer
95,Female,Science,Rural,Class Notes,Once in a week,To borrow library material,s Less than an hour,For career development,Home,Late Night,English,Competitive books,Enjoyable,Academic Videos,Yes,Reading books in library a,Reading soft copy of boo k,No,No,Yes - Positively Affected,No,Rs. 500 to Rs. 2000,Business,Educated,Science,Rural,English,No,Farmer
96,Female,Science,Rural,Class Notes,Once in a week,To borrow library material,s Less than an hour,To get the knowledge and,Home,Late Night,English,Others,Very much,Hard copy of Reading ma,No,Reading books in library a,Reading soft copy of boo k,Yes,No,No - Not Affected,No,Less Than Rs. 500,Business,Educated,Science,Rural,English,No,Farmer
97,Male,Science,Urban,Lecture Videos,Once in a week,To use the internet,Less than an hour,To increase General Kno,w Central Library,Late Night,Hindi,Stories and novels,Enjoyable,Academic Videos,Yes,Watching Lecture Videos,Reading soft copy of boo k,Yes,No,Yes- Negatively Affected,Yes,Less Than Rs. 500,Worker,Educated,Science,Rural,English,No,Farmer
98,Male,Science,Rural,Class Notes,Once in a week,For Reading Novels and,g 2-4 hours,To be well informed,Central Library,Morning,English,Text books,Enjoyable,Academic Videos,Yes,Reading books in library a,Watching Lecture Videos,No,No,Yes- Negatively Affected,Yes,Less Than Rs. 500,Farmer,Un-Educated,Science,Rural,English,No,Farmer
99,Male,Science,Rural,Class Notes,Daily,For Reading Novels and,g 2-4 hours,To get the knowledge and,Class Room,Morning,English,Reference books,Very much,Academic Videos,No,Reading soft copy of boo k,Reading books in library a,Yes,Yes,Yes - Positively Affected,Yes,Less Than Rs. 500,Farmer,Educated,Science,Rural,English,No,Farmer
100,Male,Science,Rural,Class Notes,Once in a month,For Reading Novels and,g Less than an hour,To get the knowledge and,Home,Evening,Marathi,Competitive books,Enjoyable,soft copy of Reading mat e,Yes,Reading soft copy of boo k,Reading soft copy of boo k,Yes,No,No - Not Affected,No,Less Than Rs. 500,Farmer,Un-Educated,Science,Rural,English,No,Farmer
101,Female,Science,Urban,Lecture Videos,2-3 times in a week,For Reading Novels and,g 2-4 hours,To get the knowledge and,College lab,Late Night,English,Journal articles,Just okay,soft copy of Reading mat e,Yes,Reading books in library a,Reading soft copy of boo k,Yes,Yes,Yes - Positively Affected,Yes,Less Than Rs. 500,Farmer,Un-Educated,Science,Rural,English,No,Farmer
102,Female,Science,Urban,Reference Books,2-3 times in a week,For Reading Novels and,g 2-4 hours,To get the knowledge and,College lab,Morning,English,Competitive books,Enjoyable,soft copy of Reading mat e,No,Reading soft copy of boo k,Reading soft copy of boo k,Yes,Yes,No - Not Affected,No,Less Than Rs. 500,Farmer,Un-Educated,Science,Rural,English,No,Farmer
103,Female,Science,Urban,Class Notes,2-3 times in a week,To Complete Assignment,2-4 hours,To increase General Kno,w Central Library,Late Night,English,New paper,Enjoyable,soft copy of Reading mat e,Yes,Reading books in library a,Reading books in library a,Yes,Yes,Yes - Positively Affected,Yes,Less Than Rs. 500,Job,Educated,Science,Rural,English,No,Farmer
104,Female,Science,Urban,Reference Books,Rarely,For Reading Novels and,g 2-4 hours,To get the knowledge and,Other places,Late Night,English,Reference books,Enjoyable,soft copy of Reading mat e,No,Reading soft copy of boo k,Reading soft copy of boo k,Yes,Yes,Yes- Negatively Affected,Yes,Rs. 500 to Rs. 2000,Farmer,Un-Educated,Science,Rural,English,No,Farmer
105,Female,Science,Urban,Class Notes,2-3 times in a week,For Reading Novels and,g 2-4 hours,To increase General Kno,w Park or Garden,Afternoon,Marathi,Stories and novels,Very much,Hard copy of Reading ma,Yes,Watching Lecture Videos,Watching Lecture Videos,No,No,Yes - Positively Affected,No,Less Than Rs. 500,Farmer,Educated,Science,Rural,English,No,Farmer
106,Female,Science,Rural,Reference Books,2-3 times in a week,For Reading Novels and,g 2-4 hours,To be well informed,Central Library,Morning,English,Journal articles,Enjoyable,Hard copy of Reading ma,Yes,Reading books in library a,Reading soft copy of boo k,Yes,No,Yes- Negatively Affected,Yes,Rs. 500 to Rs. 2000,Job,Educated,Science,Rural,English,No,Farmer
107,Female,Science,Rural,Reference Books,Once in a month,For Reading Novels and,g 2-4 hours,To increase General Kno,w Home,Morning,Marathi,New paper,Very much,soft copy of Reading mat e,Yes,Watching Lecture Videos,Reading books in library a,Yes,Yes,Yes - Positively Affected,Yes,Rs. 500 to Rs. 2000,Job,Educated,Science,Rural,English,No,Farmer
108,Female,Science,Rural,Lecture Videos,2-3 times in a week,To borrow library material,s 2-4 hours,To get the knowledge and,Home,Morning,English,New paper,Very much,Hard copy of Reading ma,Yes,Reading books in library a,Reading soft copy of boo k,Yes,No,Yes- Negatively Affected,Yes,Less Than Rs. 500,Farmer,Educated,Science,Rural,English,No,Farmer
109,Female,Science,Rural,Reference Books,Rarely,For Reading Novels and,g Less than an hour,To increase General Kno,w Home,Evening,English,Stories and novels,Very much,Hard copy of Reading ma,Yes,Reading soft copy of boo k,Reading soft copy of boo k,Yes,No,No - Positively Affected,Yes,Rs. 500 to Rs. 2000,Farmer,Educated,Arts,Rural,Marathi,Yes,Farmer
110,Female,Science,Rural,Text Books,2-3 times in a week,For Reading Novels and,g 2-4 hours,To get the knowledge and,Central Library,Afternoon,English,Stories and novels,Very much,Hard copy of Reading Ma,No,Reading soft copy of boo k,Reading soft copy of boo k,No,No,No - Not Affected,Yes,Rs. 500 to Rs. 2000,Farmer,Educated,Arts,Rural,Marathi,Yes,Farmer
111,Female,Science,Rural,Text Books,2-3 times in a week,For Reading Novels and,g 2-4 hours,To get the knowledge and,College Lab,Morning,English,Stories and novels,Very much,soft copy of Reading mat e,Yes,Reading books in library a,Reading soft copy of boo k,Yes,No,Yes - Negatively Affected,Yes,Less Than Rs. 500,Farmer,Educated,Science,Rural,Marathi,No,Farmer
112,Female,Science,Rural,Text Books,Rarely,For Reading Novels and,g Less than an hour,To get the knowledge and,Central Library,Afternoon,English,Stories and novels,Enjoyable,Hard copy of Reading Ma,Yes,Reading books in library a,Reading soft copy of boo k,No,No,Yes - Negatively Affected,Yes,Less Than Rs. 500,Farmer,Educated,Science,Urban,English,No,Job
113,Female,Science,Rural,Other,2-3 times in a week,To photo copy reading ma,2-4 hours,To prepare class Assignm,Class Room,Afternoon,English,New Paper,Enjoyable,Hard copy of Reading Ma,Yes,Watching Lecture Videos,Watching Lecture Videos,No,No,No - Not Affected,Yes,Less Than Rs. 500,Farmer,Educated,other,Rural,Marathi,No,Farmer
114,Male,Science,Rural,Text Books,2-3 times in a week,For Reading Novels and,g 2-4 hours,To get the knowledge and,Class Room,Morning,English,Reference books,Very much,soft copy of Reading mat e,Yes,Watching Lecture Videos,Reading Books in Library,Yes,No,No - Not Affected,Yes,Rs. 500 to Rs. 2000,Farmer,Educated,Science,Rural,English,Yes,Business
115,Female,Science,Rural,Other,2-3 times in a week,For Reading Novels and,g 2-4 hours,For Career Development,College Lab,Evening,English,Stories and novels,Enjoyable,Hard copy of Reading Ma,Yes,Reading soft copy of boo k,Reading soft copy of boo k,No,No,No - Positively Affected,Yes,Rs. 500 to Rs. 2000,Farmer,Educated,other,Urban,Marathi,No,Worker
116,Female,Science,Rural,Reference Books,Once in a week,To borrow library material,s Less than an hour,To get the knowledge and,Home,Late Night,English,New Paper,Very much,soft copy of Reading mat e,Yes,Reading books in library a,Watching Lecture Videos,No,No,No - Not Affected,Yes,Rs. 500 to Rs. 2000,Farmer,Educated,Science,Rural,Marathi,No,Worker
117,Female,Science,Rural,Text Books,Once in a month,To borrow library material,s Less than an hour,To get the knowledge and,Home,Evening,English,Stories and novels,Just okay,Hard copy of Reading Ma,Yes,Reading books in library a,Reading Books in Library,Yes,No,No - Positively Affected,No,Less Than Rs. 500,Farmer,Educated,Science,Rural,English,No,Job
118,Male,Science,Rural,Class Notes,Once in a month,To borrow library material,s Less than an hour,To Pass the examination,Home,Evening,English,Others,Just okay,Hard copy of Reading Ma,Yes,Reading books in library a,Reading soft copy of boo k,No,No,Yes - Negatively Affected,Yes,Above Rs. 2000,Farmer,Educated,Science,Urban,English,No,Job
119,Female,Science,Rural,Reference Books,Once in a week,For Reading Novels and,g 2-4 hours,To increase General Kno,w Home,Morning,English,New Paper,Very much,soft copy of Reading mat e,Yes,Reading soft copy of boo k,Reading Books in Library,Yes,No,No - Positively Affected,Yes,Less Than Rs. 500,Farmer,Educated,Science,Rural,Marathi,Yes,Job
120,Female,Science,Rural,Lecture Videos,Rarely,For Reading Novels and,g Less than an hour,For Career Development,Home,Late Night,English,Stories and novels,Very much,Hard copy of Reading ma,No,Watching Lecture Videos,Watching Lecture Videos,No,No,No - Not Affected,Yes,Rs. 500 to Rs. 2000,Farmer,Educated,Science,Urban,English,No,Worker
121,Female,Science,Rural,Other,Rarely,Other,2-4 hours,To increase General Kno,w Home,Late Night,English,Stories and novels,Enjoyable,soft copy of Reading mat e,No,Reading soft copy of boo k,Reading soft copy of boo k,Yes,No,No - Not Affected,Yes,Less Than Rs. 500,Farmer,Educated,Arts,Urban,Marathi,Yes,Farmer
122,Female,Science,Rural,Class Notes,Daily,To Read Daily News Pap,e 5-6 hours,To be well informed,Home,Evening,English,Text books,Very much,Hard copy of Reading Ma,Yes,Reading soft copy of boo k,Reading soft copy of boo k,Yes,No,No - Not Affected,Yes,Less Than Rs. 500,Farmer,Educated,Arts,Urban,Marathi,Yes,Business
123,Female,Science,Rural,Other,Rarely,For Reading Novels and,g 6 and Above,For Career Development,Home,Morning,English,Stories and novels,Enjoyable,soft copy of Reading mat e,Yes,Reading soft copy of boo k,Reading soft copy of boo k,Yes,No,No - Not Affected,Yes,Less Than Rs. 500,Farmer,Educated,Arts,Urban,Marathi,No,Farmer
124,Male,Science,Rural,Lecture Videos,Once in a week,Other,2-4 hours,To get the knowledge and,Central Library,Late Night,English,Stories and novels,Enjoyable,Hard copy of Reading ma,Yes,Watching Lecture Videos,Watching Lecture Videos,Yes,No,No - Not Affected,No,Less Than Rs. 500,Farmer,Un-Educated,Arts,Rural,Marathi,Yes,Farmer
125,Female,Science,Rural,Other,Once in a month,For Reading Novels and,g 2-4 hours,To increase General Kno,w Central Library,Afternoon,English,Stories and novels,Very much,Hard copy of Reading Ma,Yes,Reading books in library a,Reading soft copy of boo k,Yes,No,No - Not Affected,Yes,Less Than Rs. 500,Farmer,Educated,Arts,Rural,Marathi,Yes,Farmer
126,Female,Science,Rural,Class Notes,Rarely,For Reading Novels and,g Less than an hour,To get the knowledge and,Home,Morning,English,Stories and novels,Very much,Hard copy of Reading Ma,Yes,Reading books in library a,Reading Books in Library,No,No,Yes - Negatively Affected,Yes,Less Than Rs. 500,Farmer,Educated,Science,Rural,English,No,Worker
127,Male,Science,Rural,Other,Once in a month,To Read Daily News Pap,e Less than an hour,To be well informed,Park or Garden,Evening,English,Stories and novels,Enjoyable,Hard copy of Reading Ma,Yes,Reading books in library,Reading soft copy of boo k,No,No,Yes - Negatively Affected,No,Less Than Rs. 500,Farmer,Educated,Science,Rural,English,No,Job
128,Female,Science,Rural,Reference Books,Rarely,To borrow library material,s Less than an hour,To be well informed,Central Library,Afternoon,English,Reference books,Enjoyable,Hard copy of Reading ma,Yes,Watching Lecture Videos,Watching Lecture Videos,Yes,No,Yes - Negatively Affected,Yes,Less Than Rs. 500,Farmer,Educated,Science,Rural,Marathi,Yes,Job
129,Male,Science,Rural,Class Notes,Once in a month,For Reading Novels and,g Less than an hour,To increase General Kno,w Home,Evening,English,Competitive books,Very much,Hard copy of Reading Ma,Yes,Reading books in library,Reading soft copy of boo k,Yes,No,No - Not Affected,Yes,Less Than Rs. 500,Farmer,Un-Educated,Science,Rural,Marathi,Yes,Farmer
130,Female,Science,Rural,Reference Books,2-3 times in a week,For Reading Novels and,g 2-4 hours,To get the knowledge and,College Lab,Morning,English,Reference books,Enjoyable,soft copy of Reading mat e,Yes,Reading soft copy of boo,Reading soft copy of boo k,No,No,No - Positively Affected,Yes,Rs. 500 to Rs. 2000,Farmer,Educated,Science,Rural,English,Yes,Farmer
131,Male,Science,Rural,Text Books,Rarely,To photo copy reading ma,Less than an hour,To get the knowledge and,Park or Garden,Morning,English,Stories and novels,Just okay,soft copy of Reading mat e,No,Reading soft copy of boo,Reading soft copy of boo k,No,No,No - Not Affected,Yes,Less Than Rs. 500,Farmer,Un-Educated,Science,Urban,English,No,Worker
132,Female,Science,Rural,Class Notes,Rarely,For Reading Novels and,g 2-4 hours,To get the knowledge and,Home,Late Night,English,Stories and novels,Enjoyable,Hard copy of Reading Ma,Yes,Reading books in library,Reading soft copy of boo k,No,No,Yes - Negatively Affected,Yes,Less Than Rs. 500,Farmer,Educated,Science,Rural,Marathi,No,Farmer
133,Female,Science,Rural,Class Notes,Rarely,Other,Less than an hour,To get the knowledge and,Home,Late Night,English,Reference books,Enjoyable,soft copy of Reading mat e,Yes,Reading soft copy of boo,Reading soft copy of boo k,No,No,No - Not Affected,Yes,Less Than Rs. 500,Farmer,Educated,Science,Urban,English,No,Job
134,Male,Science,Rural,Reference Books,2-3 times in a week,For Reading Novels and,g 5-6 hours,To increase General Kno,w Central Library,Morning,English,Journal articles,Very much,Hard copy of Reading Ma,Yes,Reading books in library,Reading Books in Library,Yes,No,No - Positively Affected,Yes,Less Than Rs. 500,Farmer,Un-Educated,other,Rural,English,Yes,Farmer
135,Male,Science,Rural,Class Notes,Once in a month,To Read Daily News Pap,e Less than an hour,To increase General Kno,w Home,Morning,English,New Paper,Very much,Hard copy of Reading Ma,Yes,Reading books in library,Reading Books in Library,Yes,No,No - Positively Affected,Yes,Less Than Rs. 500,Farmer,Educated,Science,Rural,English,Yes,Farmer
136,Male,Science,Rural,Reference Books,Daily,To use the internet,Less than an hour,For Career Development,Home,Afternoon,English,New Paper,Enjoyable,Hard copy of Reading Ma,No,Reading soft copy of boo,Reading soft copy of boo k,Yes,No,No - Not Affected,Yes,Rs. 500 to Rs. 2000,Farmer,Educated,Commerce,Urban,English,No,Business
137,Male,Science,Rural,Other,Rarely,To Complete Assignment,Less than an hour,To Pass the examination,Park or Garden,Late Night,English,Others,Very much,soft copy of Reading mat e,No,Watching Lecture Videos,Watching Lecture Videos,Yes,No,No - Positively Affected,No,Less Than Rs. 500,Farmer,Un-Educated,Arts,Rural,Hindi,Yes,Farmer
138,Female,Science,Rural,Text Books,Once in a week,To borrow library material,s Less than an hour,To get the knowledge and,Central Library,Morning,English,Text books,Enjoyable,Hard copy of Reading Ma,No,Watching Lecture Videos,Reading soft copy of boo k,No,No,No - Not Affected,Yes,Less Than Rs. 500,Farmer,Educated,Science,Rural,English,No,Farmer
139,Female,Science,Rural,Reference Books,Daily,To Read Daily News Pap,e Less than an hour,To get the knowledge and,Central Library,Morning,English,Reference books,Very much,soft copy of Reading mat e,Yes,Reading soft copy of boo,Reading Books in Library,Yes,No,No - Positively Affected,Yes,Less Than Rs. 500,Farmer,Un-Educated,other,Rural,English,Yes,Worker
140,Female,Science,Rural,Class Notes,Once in a week,To borrow library material,s Less than an hour,For Career Development,Home,Evening,English,Competitive books,Enjoyable,soft copy of Reading mat e,No,Watching Lecture Videos,Watching Lecture Videos,Yes,No,No - Not Affected,Yes,Less Than Rs. 500,Farmer,Educated,Commerce,Urban,Marathi,No,Farmer
141,Female,Science,Rural,Text Books,2-3 times in a week,To borrow library material,s 2-4 hours,To get the knowledge and,Home,Morning,English,New Paper,Very much,Hard copy of Reading Ma,No,Reading books in library,Watching Lecture Videos,Yes,No,No - Not Affected,Yes,Rs. 500 to Rs. 2000,Farmer,Educated,Science,Rural,English,No,Farmer
142,Female,Science,Rural,Reference Books,Daily,To Complete Assignment,5-6 hours,To be well informed,Class Room,Evening,English,Text books,Enjoyable,soft copy of Reading mat e,Yes,Reading soft copy of boo,Reading soft copy of boo k,Yes,No,No - Not Affected,Yes,Rs. 500 to Rs. 2000,Farmer,Educated,Science,Rural,Marathi,Yes,Farmer
143,Female,Science,Rural,Reference Books,Once in a month,To borrow library material,s 6 and Above,To get the knowledge and,Park or Garden,Morning,English,Journal articles,Very much,soft copy of Reading mat e,Yes,Reading books in library,Reading Books in Library,Yes,No,Yes - Negatively Affected,Yes,Less Than Rs. 500,Farmer,Educated,Science,Rural,English,Yes,Farmer
144,Female,Science,Rural,Reference Books,Once in a month,To Complete Assignment,2-4 hours,To get the knowledge and,Park or Garden,Morning,English,New Paper,Very much,Hard copy of Reading Ma,No,Watching Lecture Videos,Reading Books in Library,Yes,No,Yes - Negatively Affected,Yes,Less Than Rs. 500,Farmer,Educated,Science,Rural,Marathi,Yes,Farmer
145,Female,Science,Rural,Class Notes,2-3 times in a week,To borrow library material,s 2-4 hours,To get the knowledge and,Central Library,Evening,English,Text books,Very much,soft copy of Reading mat e,Yes,Reading books in library,Reading Books in Library,No,No,No - Positively Affected,Yes,Less Than Rs. 500,Farmer,Educated,Science,Rural,English,No,Farmer
146,Female,Science,Rural,Class Notes,2-3 times in a week,Other,Less than an hour,To get the knowledge and,Park or Garden,Evening,English,Stories and novels,Enjoyable,Hard copy of Reading ma,Yes,Reading soft copy of boo,Watching Lecture Videos,Yes,No,Yes - Negatively Affected,Yes,Less Than Rs. 500,Farmer,Un-Educated,Science,Rural,Hindi,No,Farmer
147,Female,Science,Rural,Reference Books,Once in a week,To Complete Assignment,2-4 hours,To Pass the examination,Central Library,Morning,English,Text books,Enjoyable,soft copy of Reading mat e,Yes,Reading books in library,Reading Books in Library,Yes,No,No - Not Affected,Yes,Less Than Rs. 500,Farmer,Educated,Science,Urban,Marathi,Yes,Business
148,Male,Science,Rural,Class Notes,Once in a week,For Reading Novels and,g Less than an hour,To get the knowledge and,Home,Late Night,English,Others,Just okay,Hard copy of Reading ma,Yes,Reading soft copy of boo,Reading Books in Library,Yes,No,Yes - Negatively Affected,No,Less Than Rs. 500,Farmer,Un-Educated,Science,Rural,English,Yes,Farmer
149,Male,Science,Rural,Reference Books,Once in a week,For Reading Novels and,g Less than an hour,To get the knowledge and,Home,Afternoon,English,Stories and novels,Just okay,soft copy of Reading mat e,Yes,Reading soft copy of boo,Reading Books in Library,Yes,No,No - Positively Affected,No,Less Than Rs. 500,Farmer,Un-Educated,Science,Rural,English,Yes,Farmer
150,Female,Science,Rural,Text Books,Once in a month,For Reading Novels and,g Less than an hour,To get the knowledge and,Home,Late Night,English,Magazines,Enjoyable,Hard copy of Reading Ma,Yes,Reading soft copy of boo,Reading soft copy of boo k,No,No,Yes - Negatively Affected,Yes,Less Than Rs. 500,Farmer,Educated,Science,Rural,English,Yes,Farmer
151,Female,Science,Rural,Class Notes,2-3 times in a week,For Reading Novels and,6 and Above,To get the knowledge and,College Lab,Morning,English,Stories and novels,Enjoyable,Hard copy of Reading ma,Yes,Reading books in library,Reading soft copy of boo k,Yes,No,No - Not Affected,Yes,Less Than Rs. 500,Farmer,Educated,Science,Rural,English,No,Farmer
152,Female,Science,Rural,Text Books,Daily,To Read Daily News Pap,e 2-4 hours,For Career Development,College Lab,Afternoon,English,Competitive books,Enjoyable,soft copy of Reading mat e,Yes,Reading books in library,Reading Books in Library,No,No,No - Positively Affected,No,Less Than Rs. 500,Farmer,Un-Educated,Commerce,Rural,Marathi,Yes,Farmer
153,Female,Science,Rural,Class Notes,2-3 times in a week,To Read Daily News Pap,e 2-4 hours,To increase General Kno,w Central Library,Late Night,English,Reference books,Very much,Hard copy of Reading Ma,Yes,Reading soft copy of boo,Reading Books in Library,Yes,No,No - Positively Affected,Yes,Rs. 500 to Rs. 2000,Farmer,Educated,Commerce,Rural,Hindi,Yes,Farmer
154,Female,Science,Rural,Class Notes,2-3 times in a week,To Complete Assignment,2-4 hours,To get the knowledge and,Class Room,Late Night,English,New Paper,Enjoyable,soft copy of Reading mat e,Yes,Reading books in library,Reading Books in Library,No,No,Yes - Negatively Affected,Yes,Rs. 500 to Rs. 2000,Farmer,Educated,Commerce,Rural,Marathi,Yes,Farmer
155,Female,Science,Rural,Reference Books,Once in a week,To borrow library material,s Less than an hour,To get the knowledge and,Park or Garden,Evening,English,Competitive books,Enjoyable,soft copy of Reading mat e,Yes,Watching Lecture Videos,Watching Lecture Videos,Yes,No,No - Positively Affected,Yes,Less Than Rs. 500,Farmer,Educated,Science,Urban,English,Yes,Job
156,Female,Science,Rural,Reference Books,Rarely,Other,2-4 hours,To get the knowledge and,Central Library,Evening,English,Magazines,Enjoyable,Hard copy of Reading Ma,Yes,Reading soft copy of boo,Reading soft copy of boo k,No,No,No - Not Affected,Yes,Less Than Rs. 500,Farmer,Educated,other,Rural,English,No,Farmer
157,Female,Science,Rural,Reference Books,2-3 times in a week,To Read Daily News Pap,e 2-4 hours,To get the knowledge and,Campus Ground,Morning,English,Competitive books,Very much,Hard copy of Reading Ma,No,Reading books in library,Reading Books in Library,Yes,No,No - Positively Affected,Yes,Rs. 500 to Rs. 2000,Farmer,Educated,other,Rural,English,No,Business
158,Female,Science,Rural,Class Notes,Once in a week,For Reading Novels and,g Less than an hour,To get the knowledge and,Class Room,Afternoon,English,Competitive books,Enjoyable,Hard copy of Reading Ma,Yes,Reading books in library,Reading Books in Library,No,No,No - Positively Affected,Yes,Rs. 500 to Rs. 2000,Farmer,Un-Educated,Science,Rural,English,No,Farmer
159,Female,Science,Rural,Reference Books,2-3 times in a week,For Reading Novels and,g 2-4 hours,To get the knowledge and,Central Library,Morning,English,Competitive books,Enjoyable,Hard copy of Reading Ma,Yes,Reading soft copy of boo,Reading Books in Library,Yes,No,No - Positively Affected,Yes,Less Than Rs. 500,Farmer,Educated,Science,Rural,English,Yes,Farmer
160,Female,Science,Rural,Other,Daily,For Reading Novels and,g 2-4 hours,To get the knowledge and,To prepare class Assignments,Morning,English,Journal articles,Enjoyable,Hard copy of Reading Ma,No,Reading soft copy of boo,Reading soft copy of boo k,Yes,No,No - Not Affected,Yes,Less Than Rs. 500,Farmer,Educated,Arts,Rural,Hindi,Yes,Worker
161,Female,Science,Rural,Class Notes,2-3 times in a week,For Reading Novels and,s Less than an hour,To get the knowledge and,Home,Morning,English,Stories and novels,Enjoyable,Hard copy of Reading ma,Yes,Reading books in library,Reading soft copy of boo k,Yes,No,No - Not Affected,Yes,Less Than Rs. 500,Farmer,Educated,Science,Rural,English,No,Farmer
162,Male,Science,Rural,Reference Books,2-3 times in a week,For Reading Novels and,g 2-4 hours,To increase General Kno,w Central Library,Morning,English,Magazines,Very much,soft copy of Reading mat e,Yes,Reading books in library,Reading Books in Library,Yes,No,No - Not Affected,Yes,Less Than Rs. 500,Farmer,Un-Educated,Commerce,Rural,English,Yes,Farmer
163,Male,Science,Rural,Reference Books,Rarely,For Reading Novels and,g Less than an hour,To be well informed,Home,Morning,English,Stories and novels,Very much,soft copy of Reading mat e,Yes,Reading soft copy of boo,Reading soft copy of boo k,No,No,No - Positively Affected,Yes,Less Than Rs. 500,Farmer,Educated,Commerce,Urban,Marathi,No,Business
164,Female,Science,Rural,Lecture Videos,Once in a month,For Reading Novels and,To borrow library materials,To be well informed,Home,Afternoon,English,Stories and novels,Enjoyable,Hard copy of Reading ma,Yes,Watching Lecture Videos,Watching Lecture Videos,Yes,No,Yes - Negatively Affected,Yes,Less Than Rs. 500,Farmer,Educated,Science,Rural,Marathi,No,Job
165,Female,Science,Rural,Text Books,2-3 times in a week,For Reading Novels and,g 2-4 hours,To increase General Kno,w Central Library,Morning,English,Magazines,Very much,soft copy of Reading mat e,Yes,Reading books in library,Reading soft copy of boo k,Yes,No,No - Not Affected,Yes,Less Than Rs. 500,Farmer,Educated,Arts,Rural,Marathi,Yes,Worker
166,Female,Science,Rural,Text Books,Rarely,For Reading Novels and,g Less than an hour,To increase General Kno,w Central Library,Morning,English,Stories and novels,Enjoyable,Hard copy of Reading Ma,Yes,Reading books in library,Reading Books in Library,No,No,Yes - Negatively Affected,Yes,Less Than Rs. 500,Farmer,Educated,Science,Rural,Marathi,No,Job
167,Female,Science,Rural,Reference Books,Once in a week,For Reading Novels and,g Less than an hour,To get the knowledge and,Central Library,Late Night,English,Stories and novels,Enjoyable,Hard copy of Reading Ma,Yes,Reading books in library,Reading soft copy of boo k,Yes,No,Yes - Negatively Affected,No,Less Than Rs. 500,Farmer,Educated,Science,Rural,Marathi,No,Farmer
168,Male,Science,Rural,Reference Books,Once in a week,To borrow library material,s Less than an hour,To get the knowledge and,Home,Late Night,English,Stories and novels,Just okay,Hard copy of Reading ma,Yes,Watching Lecture Videos,Reading soft copy of boo k,Yes,No,Yes - Negatively Affected,Yes,Less Than Rs. 500,Farmer,Educated,Science,Urban,English,Yes,Job
169,Female,Science,Rural,Reference Books,Rarely,For Reading Novels and,g Less than an hour,To increase General Kno,w Home,Evening,English,Text books,Very much,Hard copy of Reading Ma,No,Reading books in library,Reading soft copy of boo k,No,No,No - Not Affected,No,Less Than Rs. 500,Farmer,Educated,Science,Urban,Marathi,No,Farmer
170,Female,Science,Rural,Text Books,Once in a month,To borrow library material,s Less than an hour,To get the knowledge and,Home,Late Night,English,Stories and novels,Enjoyable,soft copy of Reading mat e,Yes,Reading books in library,Reading soft copy of boo k,Yes,No,Yes - Negatively Affected,Yes,Rs. 500 to Rs. 2000,Farmer,Educated,Science,Rural,English,Yes,Job
171,Male,Science,Rural,Reference Books,Once in a week,To Read Daily News Pap,e Less than an hour,To get the knowledge and,Other Places,Morning,English,New Paper,Just okay,Hard copy of Reading ma,Yes,Reading soft copy of boo,Reading soft copy of boo k,Yes,No,No - Not Affected,No,Less Than Rs. 500,Farmer,Un-Educated,Science,Rural,English,No,Farmer
172,Male,Science,Rural,Other,2-3 times in a week,For Reading Novels and,g 2-4 hours,To get the knowledge and,Home,Afternoon,English,Stories and novels,Very much,soft copy of Reading mat e,No,Reading soft copy of boo,Reading soft copy of boo k,No,No,No - Not Affected,Yes,Rs. 500 to Rs. 2000,Farmer,Educated,Science,Urban,Hindi,No,Job
173,Female,Science,Rural,Reference Books,Once in a month,For Reading Novels and,g Less than an hour,To get the knowledge and,Home,Evening,English,Journal articles,Enjoyable,Hard copy of Reading Ma,Yes,Reading books in library,Reading soft copy of boo k,Yes,No,No - Positively Affected,Yes,Less Than Rs. 500,Farmer,Educated,Science,Rural,English,No,Business
174,Male,Science,Rural,Reference Books,2-3 times in a week,To borrow library material,s 6 and Above,To Pass the examination,Park or Garden,Morning,English,Magazines,Very much,Hard copy of Reading ma,No,Reading soft copy of boo,Reading soft copy of boo k,Yes,No,No - Not Affected,Yes,Less Than Rs. 500,Farmer,Educated,Commerce,Urban,English,Yes,Business
175,Female,Science,Rural,Lecture Videos,Once in a week,Other,Less than an hour,To Pass the examination,Home,Evening,English,Competitive books,Very much,Hard copy of Reading Ma,Yes,Reading books in library,Reading soft copy of boo k,Yes,No,No - Positively Affected,Yes,Less Than Rs. 500,Farmer,Educated,Science,Rural,English,No,Business
176,Male,Science,Rural,Reference Books,2-3 times in a week,To Complete Assignment,2-4 hours,To get the knowledge and,Central Library,Late Night,English,Competitive books,Enjoyable,Hard copy of Reading Ma,Yes,Reading books in library,Watching Lecture Videos,Yes,No,Yes - Negatively Affected,Yes,Rs. 500 to Rs. 2000,Farmer,Un-Educated,Science,Urban,English,Yes,Farmer
177,Male,Science,Rural,Class Notes,Once in a week,To borrow library material,s 2-4 hours,To increase General Kno,w Home,Morning,English,Stories and novels,Very much,Hard copy of Reading Ma,Yes,Reading books in library,Reading Books in Library,Yes,No,No - Positively Affected,Yes,Rs. 500 to Rs. 2000,Farmer,Un-Educated,Science,Rural,English,Yes,Farmer
178,Male,Science,Rural,Text Books,Daily,To Read Daily News Pap,e 5-6 hours,To Pass the examination,Central Library,Morning,English,Magazines,Enjoyable,soft copy of Reading mat e,No,Watching Lecture Videos,Reading Books in Library,No,No,Yes - Negatively Affected,Yes,Rs. 500 to Rs. 2000,Farmer,Educated,Science,Urban,English,No,Job
179,Female,Science,Rural,Reference Books,Once in a month,To borrow library material,s Less than an hour,For Career Development,Home,Morning,English,Reference books,Enjoyable,Hard copy of Reading Ma,Yes,Reading books in library,Reading soft copy of boo k,No,No,Yes - Negatively Affected,Yes,Less Than Rs. 500,Farmer,Educated,Science,Rural,English,No,Farmer
180,Male,Science,Rural,Class Notes,Once in a week,For Reading Novels and,g Less than an hour,To get the knowledge and,Home,Morning,English,New Paper,Enjoyable,Hard copy of Reading Ma,Yes,Reading books in library,Watching Lecture Videos,No,No,Yes - Negatively Affected,No,Less Than Rs. 500,Farmer,Educated,Science,Rural,Marathi,No,Job
181,Male,Science,Rural,Reference Books,Once in a month,To Read Daily News Pap,e Less than an hour,To be well informed,Home,Morning,English,New Paper,Very much,Hard copy of Reading Ma,Yes,Reading books in library,Reading Books in Library,No,No,No - Not Affected,Yes,Less Than Rs. 500,Farmer,Educated,Science,Rural,Marathi,No,Job
182,Female,Science,Rural,Other,Once in a week,Other,2-4 hours,To get the knowledge and,Other Places,Late Night,English,Stories and novels,Enjoyable,Hard copy of Reading ma,Yes,Reading books in library,Reading soft copy of boo k,Yes,No,Yes - Negatively Affected,Yes,Rs. 500 to Rs. 2000,Farmer,Educated,Science,Rural,English,No,Farmer
183,Female,Science,Rural,Reference Books,Once in a week,To Complete Assignment,Less than an hour,To get the knowledge and,Class Room,Late Night,English,Stories and novels,Enjoyable,Hard copy of Reading Ma,No,Reading soft copy of boo,Reading soft copy of boo k,No,No,No - Not Affected,No,Less Than Rs. 500,Farmer,Un-Educated,Science,Urban,English,No,Farmer
184,Female,Science,Rural,Reference Books,Once in a week,To Complete Assignment,2-4 hours,To get the knowledge and,Home,Late Night,English,Magazines,Very much,soft copy of Reading mat e,No,Reading soft copy of boo,Reading soft copy of boo k,Yes,No,No - Not Affected,Yes,Rs. 500 to Rs. 2000,Farmer,Un-Educated,Science,Rural,English,Yes,Farmer
185,Female,Science,Rural,Lecture Videos,Once in a week,To borrow library material,s 2-4 hours,To be well informed,Home,Late Night,English,Text books,Enjoyable,Hard copy of Reading Ma,No,Reading books in library,Watching Lecture Videos,Yes,No,No - Not Affected,Yes,Rs. 500 to Rs. 2000,Farmer,Educated,Science,Urban,English,Yes,Farmer
186,Female,Science,Rural,Text Books,Once in a week,To borrow library material,s Less than an hour,To get the knowledge and,Home,Morning,English,New Paper,Enjoyable,soft copy of Reading mat e,Yes,Reading books in library,Reading Books in Library,Yes,No,No - Not Affected,Yes,Rs. 500 to Rs. 2000,Farmer,Educated,Science,Rural,Marathi,No,Farmer
187,Female,Science,Rural,Reference Books,Once in a week,To borrow library material,s Less than an hour,To get the knowledge and,College Lab,Morning,English,New Paper,Just okay,Hard copy of Reading Ma,Yes,Watching Lecture Videos,Reading soft copy of boo k,Yes,No,No - Positively Affected,Yes,Less Than Rs. 500,Farmer,Educated,Science,Rural,English,No,Worker
188,Female,Science,Rural,Class Notes,Once in a week,To borrow library material,s Less than an hour,To get the knowledge and,Park or Garden,Morning,English,Competitive books,Enjoyable,Hard copy of Reading Ma,Yes,Reading soft copy of boo,Reading soft copy of boo k,No,No,No - Positively Affected,Yes,Rs. 500 to Rs. 2000,Farmer,Educated,Science,Urban,English,No,Farmer
189,Female,Science,Rural,Lecture Videos,2-3 times in a week,To photo copy reading ma,2-4 hours,For Career Development,Central Library,Morning,English,Reference books,Enjoyable,soft copy of Reading mat e,No,Reading soft copy of boo,Reading soft copy of boo k,Yes,No,No - Positively Affected,Yes,Rs. 500 to Rs. 2000,Farmer,Educated,Science,Rural,English,Yes,Farmer
190,Female,Science,Rural,Class Notes,Once in a week,To Complete Assignment,2-4 hours,For Career Development,Park or Garden,Morning,English,Stories and novels,Very much,Hard copy of Reading Ma,No,Reading books in library,Reading Books in Library,Yes,No,No - Not Affected,Yes,Less Than Rs. 500,Farmer,Educated,Science,Rural,English,No,Job
191,Female,Science,Rural,Reference Books,2-3 times in a week,To borrow library material,s Less than an hour,For Career Development,Home,Late Night,English,Competitive books,Very much,soft copy of Reading mat e,Yes,Reading books in library,Reading Books in Library,Yes,No,No - Positively Affected,Yes,Less Than Rs. 500,Farmer,Educated,Science,Rural,English,Yes,Farmer
192,Female,Science,Rural,Lecture Videos,Daily,To Read Daily News Pap,e 2-4 hours,For Career Development,Central Library,Morning,English,Competitive books,Very much,Hard copy of Reading Ma,Yes,Reading books in library,Watching Lecture Videos,Yes,No,No - Positively Affected,Yes,Above Rs. 2000,Farmer,Educated,Science,Urban,English,Yes,Business
193,Male,Science,Rural,Reference Books,2-3 times in a week,To Complete Assignment,5-6 hours,To get the knowledge and,College Lab,Evening,English,Reference books,Very much,Hard copy of Reading Ma,Yes,Reading books in library,Reading Books in Library,Yes,No,No - Not Affected,Yes,Above Rs. 2000,Farmer,Educated,Science,Urban,English,Yes,Farmer
194,Male,Science,Rural,Reference Books,Once in a week,To borrow library material,s Less than an hour,To get the knowledge and,Central Library,Morning,English,Competitive books,Very much,Hard copy of Reading Ma,No,Reading books in library,Reading Books in Library,Yes,No,No - Not Affected,Yes,Less Than Rs. 500,Farmer,Educated,Science,Rural,English,Yes,Job
195,Male,Science,Rural,Lecture Videos,Rarely,To borrow library material,s Less than an hour,To get the knowledge and,Home,Morning,English,Competitive books,Enjoyable,Hard copy of Reading Ma,Yes,Reading books in library,Reading soft copy of boo k,No,No,Yes - Negatively Affected,Yes,Rs. 500 to Rs. 2000,Farmer,Educated,Science,Rural,English,No,Farmer
196,Female,Science,Rural,Class Notes,Once in a week,To borrow library material,s 2-4 hours,To get the knowledge and,Home,Late Night,English,Stories and novels,Very much,Hard copy of Reading ma,Yes,Reading books in library,Watching Lecture Videos,Yes,No,No - Not Affected,Yes,Less Than Rs. 500,Farmer,Educated,Science,Rural,Marathi,No,Worker
197,Female,Science,Rural,Reference Books,2-3 times in a week,To borrow library material,s Less than an hour,To get the knowledge and,Home,Morning,English,New Paper,Very much,Hard copy of Reading Ma,No,Reading books in library,Reading soft copy of boo k,Yes,No,No - Positively Affected,Yes,Less Than Rs. 500,Farmer,Educated,Science,Rural,English,Yes,Worker
198,Female,Science,Rural,Reference Books,Rarely,To photo copy reading ma,2-4 hours,To get the knowledge and,College Lab,Morning,English,Stories and novels,Very much,soft copy of Reading mat e,Yes,Reading soft copy of boo,Reading soft copy of boo k,Yes,No,Yes - Negatively Affected,Yes,Rs. 500 to Rs. 2000,Farmer,Educated,Science,Rural,English,Yes,Farmer
199,Female,Science,Rural,Class Notes,Once in a week,To borrow library material,s Less than an hour,To be well informed,Home,Morning,English,Journal articles,Very much,Hard copy of Reading Ma,No,Reading soft copy of boo,Reading Books in Library,Yes,No,No - Not Affected,Yes,Rs. 500 to Rs. 2000,Farmer,Educated,Science,Rural,English,No,Worker
200,Female,Science,Rural,Class Notes,Once in a week,To borrow library material,s Less than an hour,To get the knowledge and,Class Room,Evening,English,Text books,Enjoyable,Hard copy of Reading ma,Yes,Reading books in library,Reading soft copy of boo k,No,No,No - Positively Affected,No,Less Than Rs. 500,Farmer,Educated,Science,Urban,Marathi,No,Worker
201,Female,Science,Rural,Class Notes,2-3 times in a week,To Read Daily News Pap,e Less than an hour,To get the knowledge and,Central Library,Afternoon,English,Text books,Very much,soft copy of Reading mat e,Yes,Reading soft copy of boo,Reading soft copy of boo k,Yes,No,No - Not Affected,No,Less Than Rs. 500,Farmer,Educated,Science,Rural,English,Yes,Farmer
202,Female,Science,Rural,Reference Books,2-3 times in a week,To borrow library material,s 2-4 hours,To get the knowledge and,Central Library,Morning,English,Competitive books,Enjoyable,Hard copy of Reading Ma,Yes,Reading books in library,Reading soft copy of boo k,Yes,No,No - Not Affected,Yes,Less Than Rs. 500,Farmer,Educated,Science,Rural,English,No,Farmer
203,Female,Science,Rural,Reference Books,Once in a month,For Reading Novels and,g Less than an hour,To increase General Kno,w Park or Garden,Afternoon,English,Stories and novels,Enjoyable,soft copy of Reading mat e,Yes,Reading books in library,Reading soft copy of boo k,Yes,No,Yes - Negatively Affected,Yes,Less Than Rs. 500,Farmer,Educated,Science,Urban,Marathi,No,Worker
204,Female,Science,Rural,Reference Books,Rarely,To borrow library material,s Less than an hour,To get the knowledge and,Class Room,Late Night,English,Stories and novels,Very much,Hard copy of Reading Ma,Yes,Reading books in library,Watching Lecture Videos,No,No,No - Not Affected,Yes,Rs. 500 to Rs. 2000,Farmer,Educated,Science,Urban,English,No,Business
205,Female,Science,Rural,Reference Books,Once in a week,To borrow library material,s 2-4 hours,To get the knowledge and,Central Library,Late Night,English,Magazines,Enjoyable,Hard copy of Reading ma,Yes,Reading books in library,Watching Lecture Videos,Yes,No,No - Not Affected,No,Less Than Rs. 500,Farmer,Un-Educated,Science,Rural,English,No,Farmer
206,Male,Science,Rural,Text Books,2-3 times in a week,To borrow library material,s 2-4 hours,To Pass the examination,Home,Morning,English,Stories and novels,Very much,Hard copy of Reading Ma,Yes,Reading books in library,Watching Lecture Videos,No,No,Yes - Negatively Affected,Yes,Less Than Rs. 500,Farmer,Educated,Science,Rural,English,No,Farmer
207,Female,Science,Rural,Class Notes,2-3 times in a week,For Reading Novels and,g 2-4 hours,To get the knowledge and,Home,Late Night,English,Stories and novels,Enjoyable,Hard copy of Reading Ma,Yes,Reading books in library,Reading soft copy of boo k,Yes,No,Yes - Negatively Affected,Yes,Rs. 500 to Rs. 2000,Farmer,Educated,Science,Rural,English,No,Worker
208,Female,Science,Rural,Class Notes,Once in a month,For Reading Novels and,g 2-4 hours,To be well informed,Home,Morning,English,New Paper,Enjoyable,Hard copy of Reading Ma,No,Reading books in library,Watching Lecture Videos,Yes,No,No - Not Affected,Yes,Rs. 500 to Rs. 2000,Farmer,Educated,Science,Urban,English,No,Business
209,Female,Science,Rural,Reference Books,Once in a month,To borrow library material,s Less than an hour,For Career Development,Class Room,Morning,English,New Paper,Enjoyable,soft copy of Reading mat e,Yes,Reading books in library,Reading soft copy of boo k,Yes,No,Yes - Negatively Affected,No,Less Than Rs. 500,Farmer,Educated,Science,Rural,English,No,Farmer
210,Female,Science,Rural,Class Notes,Rarely,To borrow library material,s Less than an hour,To get the knowledge and,Home,Afternoon,English,New Paper,Just okay,Hard copy of Reading Ma,No,Reading books in library,Reading Books in Library,No,No,No - Positively Affected,No,Rs. 500 to Rs. 2000,Farmer,Educated,Science,Urban,English,No,Business
211,Male,Science,Rural,Text Books,2-3 times in a week,To borrow library material,s 2-4 hours,To get the knowledge and,Central Library,Morning,English,Competitive books,Enjoyable,Hard copy of Reading Ma,No,Reading soft copy of boo,Reading Books in Library,Yes,No,Yes - Negatively Affected,Yes,Above Rs. 2000,Farmer,Educated,Science,Urban,English,No,Job
212,Female,Science,Rural,Class Notes,Daily,To Complete Assignment,2-4 hours,For Career Development,Class Room,Morning,English,Stories and novels,Very much,Hard copy of Reading Ma,Yes,Reading soft copy of boo,Reading Books in Library,No,No,No - Not Affected,Yes,Less Than Rs. 500,Farmer,Un-Educated,Science,Urban,English,No,Farmer
213,Female,Science,Rural,Text Books,Once in a week,For Reading Novels and,g Less than an hour,To get the knowledge and,College Lab,Evening,English,Stories and novels,Just okay,Hard copy of Reading ma,No,Reading soft copy of boo,Reading soft copy of boo k,No,No,No - Positively Affected,Yes,Less Than Rs. 500,Farmer,Un-Educated,Science,Urban,Marathi,No,Worker
214,Female,Science,Rural,Text Books,2-3 times in a week,For Reading Novels and,2-4 hours,To get the knowledge and,Home,Late Night,English,Stories and novels,Very much,Hard copy of Reading ma,Yes,Reading soft copy of boo,Reading Books in Library,No,No,Yes - Negatively Affected,Yes,Less Than Rs. 500,Farmer,Educated,Science,Rural,English,No,Farmer
215,Female,Science,Rural,Class Notes,Once in a month,To borrow library material,s Less than an hour,To increase General Kno,w Home,Afternoon,English,Others,Enjoyable,Hard copy of Reading Ma,Yes,Reading soft copy of boo,Reading soft copy of boo k,Yes,No,No - Not Affected,Yes,Less Than Rs. 500,Farmer,Educated,Science,Urban,English,Yes,Job
216,Female,Science,Rural,Reference Books,2-3 times in a week,To borrow library material,s Less than an hour,For Career Development,Home,Evening,English,Competitive books,Very much,Hard copy of Reading Ma,Yes,Reading books in library,Reading soft copy of boo k,Yes,No,No - Positively Affected,Yes,Rs. 500 to Rs. 2000,Farmer,Un-Educated,Science,Urban,English,No,Farmer
217,Female,Science,Rural,Text Books,Daily,For Reading Novels and,g 2-4 hours,For Career Development,Central Library,Evening,English,Journal articles,Enjoyable,Hard copy of Reading Ma,No,Reading books in library,Watching Lecture Videos,Yes,No,No - Positively Affected,Yes,Rs. 500 to Rs. 2000,Farmer,Educated,Science,Urban,Marathi,No,Job
218,Female,Science,Rural,Class Notes,Rarely,For Reading Novels and,g 2-4 hours,To get the knowledge and,Park or Garden,Morning,English,Competitive books,Very much,Hard copy of Reading ma,No,Reading books in library,Reading soft copy of boo k,No,No,No - Positively Affected,Yes,Rs. 500 to Rs. 2000,Farmer,Educated,Science,Rural,English,No,Farmer
219,Female,Science,Rural,Class Notes,Once in a week,Other,Less than an hour,To increase General Kno,w College Lab,Morning,English,Stories and novels,Very much,soft copy of Reading mat e,Yes,Reading soft copy of boo,Reading Books in Library,No,No,No - Not Affected,No,Less Than Rs. 500,Farmer,Educated,Science,Rural,Marathi,Yes,Farmer
220,Female,Science,Rural,Class Notes,Once in a week,Other,2-4 hours,To increase General Kno,w College Lab,Morning,English,Stories and novels,Enjoyable,Hard copy of Reading Ma,Yes,Reading soft copy of boo,Watching Lecture Videos,No,No,No - Positively Affected,No,Rs. 500 to Rs. 2000,Farmer,Educated,Science,Rural,English,No,Job
221,Female,Science,Rural,Reference Books,Once in a month,Other,Less than an hour,To get the knowledge and,Central Library,Morning,English,Stories and novels,Very much,soft copy of Reading mat e,No,Reading soft copy of boo,Reading soft copy of boo k,Yes,No,Yes - Negatively Affected,No,Less Than Rs. 500,Farmer,Educated,Science,Rural,English,No,Farmer
222,Male,Science,Rural,Class Notes,Daily,To borrow library material,s 6 and Above,To increase General Kno,w College Lab,Morning,English,Others,Very much,Hard copy of Reading Ma,Yes,Reading soft copy of boo,Reading soft copy of boo k,Yes,No,No - Positively Affected,Yes,Rs. 500 to Rs. 2000,Farmer,Educated,Science,Rural,Marathi,Yes,Job
223,Female,Science,Rural,Text Books,Once in a week,For Reading Novels and,g Less than an hour,For Career Development,Other Places,Evening,English,Stories and novels,Enjoyable,Hard copy of Reading Ma,Yes,Reading books in library,Reading soft copy of boo k,Yes,No,No - Positively Affected,Yes,Rs. 500 to Rs. 2000,Farmer,Educated,Science,Rural,Hindi,Yes,Farmer
224,Male,Science,Rural,Reference Books,Daily,For Reading Novels and,g 6 and Above,To increase General Kno,w Park or Garden,Morning,English,Magazines,Very much,Hard copy of Reading Ma,Yes,Reading soft copy of boo,Reading soft copy of boo k,Yes,No,No - Positively Affected,Yes,Above Rs. 2000,Farmer,Educated,Science,Rural,English,Yes,Job
225,Female,Science,Rural,Text Books,Once in a week,To use the internet,2-4 hours,To increase General Kno,w Park or Garden,Morning,English,Reference books,Very much,Hard copy of Reading Ma,Yes,Reading soft copy of boo,Watching Lecture Videos,Yes,No,No - Positively Affected,No,Less Than Rs. 500,Farmer,Educated,Arts,Rural,Marathi,Yes,Business
226,Female,Science,Rural,Class Notes,2-3 times in a week,To borrow library material,s 2-4 hours,To get the knowledge and,Class Room,Morning,English,Text books,Just okay,Hard copy of Reading ma,Yes,Reading soft copy of boo,Reading Books in Library,Yes,No,No - Not Affected,No,Less Than Rs. 500,Farmer,Educated,Arts,Urban,English,Yes,Farmer
227,Male,Science,Rural,Text Books,2-3 times in a week,For Reading Novels and,g 2-4 hours,To increase General Kno,w Class Room,Morning,English,Magazines,Very much,soft copy of Reading mat e,Yes,Reading soft copy of boo,Reading Books in Library,Yes,No,No - Not Affected,Yes,Less Than Rs. 500,Farmer,Un-Educated,other,Rural,English,Yes,Worker

